size,run,type,process_time,initial_rss,final_rss
1000,1,vanilla,34.703125,1253654528,1297711104
1000,1,torch,158.09375,1271513088,386322432
