size,run,normal_time,optimized_time
500,1,4.430154085159302,4.369948148727417
500,2,4.306825637817383,4.383878469467163
500,3,4.293797969818115,4.464776992797852
500,4,4.3610193729400635,4.332766056060791
500,5,4.316383600234985,4.3313024044036865
