size,run,sec_size,num_gates,process_time,initial_rss,final_rss
4000,1,7,2621154,1736.828125,263110656,760811520
4000,1,8,2710110,1746.796875,263553024,776794112
